-- Время создания: Май 05 2020 г., 14:24

--
-- База данных: `gefest`
--

-- --------------------------------------------------------

--
-- Структура таблицы `dzs`
--

CREATE TABLE IF NOT EXISTS `dzs` (
  `id` int(11)  PRIMARY KEY AUTO_INCREMENT NOT NULL COMMENT 'индекс',
  `dat` datetime NOT NULL COMMENT 'дата и время сдачи',
  `urok` int(11) DEFAULT NULL COMMENT 'номер урока',
  `predmet` varchar(255) DEFAULT NULL COMMENT 'предмет',
  `subj` text COMMENT 'тема задания',
  `mesto` varchar(255) DEFAULT NULL COMMENT 'место, где размещено',
  `url` varchar(255) DEFAULT NULL COMMENT 'ссылка на ресурс',
  `sdelano` datetime DEFAULT NULL COMMENT 'дата, когда выполнено',
  `wdat` timestamp NULL DEFAULT CURRENT_TIMESTAMP COMMENT 'время создания записи'
) DEFAULT CHARSET=utf8 COMMENT='домашние задания';

--
-- Дамп данных таблицы `dzs`
--

INSERT INTO `dzs` (`id`, `dat`, `urok`, `predmet`, `subj`, `mesto`, `url`, `sdelano`, `wdat`) VALUES
(1, '2020-04-20 00:00:00', NULL, 'англ. яз.', '10:20 Идентификатор конференции: 751 4494 0207 Пароль: 041035', 'Zoom', 'https://us04web.zoom.us/j/75144940207?pwd=MEVRdmlScmFJMXB4NHJIN3hsWktJQT09', '2020-04-20 10:29:32', '2020-04-19 15:27:53'),
(2, '2020-04-23 18:00:00', NULL, NULL, '18:00 Апрель Софт', NULL, NULL, '2020-04-23 19:49:28', '2020-04-20 08:57:49'),
(7, '2020-04-21 10:00:00', NULL, 'химия', 'Идентификатор конференции: 758 9883 4070 Пароль: 1LYTPJ', 'Zoom', 'https://us04web.zoom.us/j/75898834070?pwd=jdp1ILDl14C-83gVdA3jTtASM2IAdw', '2020-04-21 12:20:13', '2020-04-20 11:53:04'),
(8, '2020-04-21 13:20:00', NULL, 'экономика', 'консультация по экономике', 'Pruffme', 'https://pruffme.com/landing/u1380227/tmp1587326391', '2020-04-21 15:36:14', '2020-04-20 12:13:42'),
(9, '2020-04-21 09:40:00', NULL, 'биология', 'Идентификатор конференции: 787 1795 9590', 'Zoom', 'https://us04web.zoom.us/j/78717959590?pwd=iKUcRN-YsQtDNsazi4M9vfRwK5oqXQ', '2020-04-21 12:20:09', '2020-04-20 12:19:20'),
(16, '2020-04-21 12:30:00', NULL, 'русский язык', 'п.35, у.329, работа в ЯКлассе. Употребление союзной (сочинительной и подчинительной) и бессоюзной связи в сложных предложениях', 'ЯКласс', 'https://www.yaklass.ru/TestWork/Results/6236677', '2020-04-21 12:20:51', '2020-04-20 14:45:42'),
(17, '2020-04-21 00:00:00', NULL, 'информатика', 'Задание берем по ссылке https://yadi.sk/i/AssR7YrhJfqKUA; Для забывчивых (12 вариантов) задание по ссылке https://inform183.jimdofree.com/2020/03/17/9-класс-электронные-таблицы-12-вариантов/ Оценки будут выставлены неудовлетворительные, а их будет 3 (три)', NULL, 'https://inform183.jimdofree.com/2020/03/17/9-класс-электронные-таблицы-12-вариантов/', '2020-04-21 12:20:00', '2020-04-20 14:51:15'),
(18, '2020-04-21 00:00:00', NULL, 'алгебра', 'Повторяем арифметическую прогрессию. Параграф 25 и 26. №25.15, 25.32,26.17 Выполнить задание на платформе ЯКласс до 22.04', 'ЯКласс', 'https://www.yaklass.ru/TestWork/Results/5987156', '2020-04-21 12:19:56', '2020-04-20 14:55:05'),
(20, '2020-04-21 00:00:00', NULL, 'испанский', '№12 стр 197 письменно', NULL, NULL, '2020-04-21 12:19:52', '2020-04-20 15:01:27'),
(21, '2020-04-22 00:00:00', NULL, 'литература', 'анализ стихотворения "Дума"', NULL, NULL, '2020-04-26 09:54:54', '2020-04-25 06:41:12'),
(22, '2020-04-22 00:00:00', NULL, 'геометрия', 'Прочитать параграф 19. Посмотреть урок РЭШ, геометрия -9, урок 29. №19.19,19.20 По повторению. Параграф 2 №2.13', 'Рос.Эл.Школа', 'https://resh.edu.ru/subject/lesson/7303/start/250303/', '2020-04-23 19:19:28', '2020-04-20 15:06:28'),
(23, '2020-04-22 11:00:00', NULL, 'физика', '1. Изучить материал п. 47. Дополнительный ресурс: Фоксфорд «Искусственные экосистемы» https://foxford.ru/wiki/biologiya/iskusstvennye-ekosistemy-agrotsenozy Продолжить подготовку к проекту "Взаимосвязи организмов и окружающей среды"', NULL, NULL, '2020-04-23 19:19:54', '2020-04-20 15:06:54'),
(24, '2020-04-23 00:00:00', NULL, 'обществозн.', 'презентации на гугл диск, подготовиться к работе по гражданскому праву', NULL, NULL, '2020-04-25 15:43:07', '2020-04-20 15:12:35'),
(25, '2020-04-23 00:00:00', NULL, 'география', 'Нанести на контурную карту номенклатуру Западной Сибири (1) Черной или красной ручкой отметить границы субъектов и их подписать название и столицу.2) цветными карандашами выделить рельеф,  3) простым карандашом или черной ручкой подписать формы рельефа, 4) Как и рельеф отметить полезные ископаемые+условные знаки 5) синей ручкой гидрографию.Работу прислать не позднее 23.04.2020. на эл почту: grishakova.2021@bk.ru', 'ИнфоУрок', 'https://infourok.ru/videouroki/784', '2020-04-23 20:15:37', '2020-04-20 15:13:15'),
(26, '2020-04-23 00:00:00', NULL, 'родн.лит.', 'прочитать рассказ, ответить на вопрос: Как вы понимаете смысл заглавия?', NULL, NULL, '2020-04-27 10:08:38', '2020-04-20 15:14:13'),
(27, '2020-04-23 00:00:00', NULL, 'история России', 'пар.29 стр. 227 вопрос 1', NULL, NULL, '2020-04-25 15:43:25', '2020-04-20 15:15:41'),
(28, '2020-04-24 00:00:00', 1, 'биология', '1. Изучить материал п. 47. Дополнительный ресурс: Фоксфорд «Искусственные экосистемы». Продолжить подготовку к проекту "Взаимосвязи организмов и окружающей среды"', 'Фоксфород', 'https://foxford.ru/wiki/biologiya/iskusstvennye-ekosistemy-agrotsenozy', '2020-04-25 15:43:35', '2020-04-25 11:41:57'),
(29, '2020-04-24 00:00:00', 3, 'экономика', 'стр.154-156 учебное пособие Стр. 157-158 текст и ответы на вопросы для сам. проработки. № 3,4,5 стр.98-99 на проверку на отдельном листочке прислать на почту val66548@yandex.ru Материал к уроку на гугл диске.', 'Google-диск', 'https://drive.google.com/drive/folders/1f4Kek6UPVnT1weLaiIpW-ZTQlET_K0jr', '2020-04-25 17:35:22', '2020-04-20 15:26:39'),
(30, '2020-04-24 00:00:00', 4, 'всеобщ.история', 'пар 22.вопрос 2, повторить понятия и даты раздела 5,подготовиться к самостоятельной работе', NULL, NULL, '2020-04-25 15:44:06', '2020-04-20 15:27:09'),
(31, '2020-04-24 00:00:00', 5, 'физ-ра', 'Прочитать текст на с.107-108 А.П. Матвеев Прочитать текст на с.58-60 А.П. Матвеев. Задание в папке класса на Google Диск', 'Google-диск', 'https://drive.google.com/drive/folders/18hD0GjJoeZi8NIINfLvnfbV6UjveUs_v', '2020-04-25 08:30:30', '2020-04-20 15:27:31'),
(32, '2020-04-25 00:00:00', 1, 'география', 'Нанести на контурную карту номенклатуру Восточной Сибири (1) Черной или красной ручкой отметить границы субъектов и их подписать название и столицу.2) цветными карандашами выделить рельеф, 3) простым карандашом или черной ручкой подписать формы рельефа, 4) Как и рельеф отметить полезные ископаемые+условные знаки 5) синей ручкой гидрографию. Работу прислать не позднее 30.04.2020. на эл почту: grishakova.2021@bk.ru', 'ИнфоУрок', 'https://infourok.ru/videouroki/787', '2020-04-25 15:44:14', '2020-04-20 15:31:36'),
(33, '2020-04-25 00:00:00', 2, 'ОБЖ', 'Написать эссе на тему "Репродуктивное здоровье населения и национальная безопасность России". Сдать работу не позднее 25.04.2020 на эл почту: grishakova.2021@bk.ru', NULL, NULL, '2020-04-25 15:44:24', '2020-04-20 15:36:41'),
(34, '2020-04-25 00:00:00', 3, 'биология', 'Изучить материал п. 48. Выполнить задания в файле «Подготовка к размножению птиц» Продолжить подготовку к проекту "Взаимосвязи организмов и окружающей среды"', NULL, NULL, '2020-04-25 15:44:35', '2020-04-20 15:38:02'),
(35, '2020-04-21 11:00:00', NULL, 'физика', 'конференция. Идентификатор конференции: 798 6836 4865 Пароль: 00264', 'Zoom', 'https://us04web.zoom.us/j/79868364865?pwd=MDNBVm51N1ZXbndMRGpTeFhubkw3Zz09', '2020-04-21 12:20:41', '2020-04-21 05:44:58'),
(37, '2020-04-23 12:00:00', 0, ' ', 'Классный час. Идентификатор конференции: 733 6913 9606', 'Zoom', 'https://us04web.zoom.us/j/73369139606?pwd=OUM3Qmk5NHNlR0xaQUVtei9sdm45Zz09', '2020-04-23 19:21:00', '2020-04-22 15:03:54'),
(38, '2020-04-24 00:00:00', 2, 'физика', 'Контрольная работа № 1988688 https://phys-oge.sdamgia.ru/test?id=1988688 выполнить на сайте решу огэ', 'РЕШУ ОГЭ', 'https://phys-oge.sdamgia.ru/test?id=1988688', '2020-04-25 18:07:55', '2020-04-23 16:50:28'),
(39, '2020-04-25 00:00:00', 4, 'литература', 'ответить на вопрос: почему автор умышленно искажает хронологию событий?', NULL, NULL, '2020-04-26 10:09:45', '2020-04-23 17:19:07'),
(40, '2020-04-25 00:00:00', 5, 'история России', 'пар.31 вопрос 1 стр.244', NULL, NULL, '2020-04-25 15:44:59', '2020-04-23 17:19:42'),
(41, '2020-04-25 00:00:00', 6, 'геометрия', 'Параграф 20 №20.13, 20.12,20.26. Решение выслать на электронную почту.', NULL, NULL, '2020-04-25 15:45:05', '2020-04-23 17:20:11'),
(42, '2020-04-27 00:00:00', 1, 'алгебра', 'На платформе Российская электронная школа. Алгебра 9 класс. Урок 43. Повторяем геометрическую прогрессию Параграф27 №27.17,27.23(1)', 'Рос.Эл.Школа', NULL, '2020-04-27 11:21:59', '2020-04-25 06:15:04'),
(43, '2020-04-27 00:00:00', 2, 'география', '', NULL, NULL, '2020-04-27 10:09:11', '2020-04-25 06:15:37'),
(44, '2020-04-27 00:00:00', 3, 'англ. яз.', 'Работаем на сайте ОГЭ или в тетрадях ОГЭ, монолог и письмо по любому варианту', 'РЕШУ ОГЭ', NULL, '2020-04-27 12:17:45', '2020-04-25 06:15:58'),
(45, '2020-04-27 00:00:00', 4, 'химия', 'п.22, записи в тетради', NULL, NULL, '2020-04-27 10:08:49', '2020-04-25 06:16:22'),
(46, '2020-04-27 00:00:00', 5, 'русский язык', 'п.35, задание в яклассе', NULL, NULL, '2020-04-27 10:09:47', '2020-04-25 06:16:55'),
(47, '2020-04-28 00:00:00', 1, 'англ. яз.', 'с.123, работа с текстом, новые слова выписать, перевести', NULL, NULL, '2020-04-28 12:43:11', '2020-04-28 06:21:56'),
(48, '2020-04-28 00:00:00', 2, 'русский язык', '', NULL, NULL, '2020-04-28 12:43:15', '2020-04-25 06:18:03'),
(49, '2020-04-28 00:00:00', 3, 'алгебра', 'На платформе Российская электронная школа. Алгебра 9 класс. Урок 44. Повторяем параграф 7 №7.17,7.43(2,3)', 'Рос.Эл.Школа', 'https://resh.edu.ru/subject/lesson/2118/start/', '2020-04-27 20:53:51', '2020-04-27 09:18:57'),
(50, '2020-04-27 00:00:00', 5, 'алгебра', '', NULL, NULL, '2020-04-27 10:08:57', '2020-04-25 06:18:34'),
(52, '2020-04-28 00:00:00', 5, 'испанский', '№17 стр 199 перевод первого диалога, №3 (1-5) стр 205 письменно', NULL, NULL, '2020-04-28 09:19:29', '2020-04-25 06:20:12'),
(53, '2020-04-28 00:00:00', 6, 'информатика', 'Задание берем по ссылке https://yadi.sk/i/ZJbQotc-z1tNaw', NULL, 'https://yadi.sk/i/ZJbQotc-z1tNaw', '2020-04-27 20:53:56', '2020-04-26 16:11:48'),
(54, '2020-04-29 00:00:00', 1, 'англ. яз.', 'с.122, № 2-4', NULL, NULL, '2020-04-29 21:45:46', '2020-04-28 06:22:30'),
(55, '2020-04-29 00:00:00', 2, 'литература', 'ответить на вопросы: Кто виновен в гибели Бэлы? Чем объясняется холодность Печорина при встрече с Максимом Максимычем?', NULL, NULL, '2020-04-29 21:44:12', '2020-04-26 06:58:23'),
(56, '2020-04-29 00:00:00', 4, 'алгебра', 'Повторяем параграф 7 . №7.18,7.31, 7.44(2,3) Выслать решение на электронную почту.', NULL, NULL, '2020-04-28 12:43:29', '2020-04-28 06:20:47'),
(57, '2020-04-29 00:00:00', 5, 'геометрия', 'Параграф 21 №21.4, 21.10 По повторению №3.20 Параграф 3.', NULL, NULL, '2020-04-28 09:19:18', '2020-04-28 06:19:11'),
(58, '2020-04-29 00:00:00', 6, 'физика', 'Параграф 52 читать, определения учить', NULL, NULL, '2020-04-29 21:45:04', '2020-04-26 06:59:30'),
(59, '2020-04-30 00:00:00', 1, 'обществозн.', 'презентация на гугл диске, подготовиться к тестам', 'Google-диск', 'https://drive.google.com/drive/folders/1c4d18cmmQvzYU1XY97iO2UWV4xf2_gKz', '2020-04-28 12:43:41', '2020-04-28 09:14:15'),
(60, '2020-04-30 00:00:00', 2, 'география', 'Параграф №52. Прочитать. Основную часть+тренировочные задания, результат фото отправляем на мою эл почту. Нанести на контурную карту номенклатуру Дальнего Востока. Срок до 07.05.2020 Моя почта: grishakova.2021@bk.ru', 'Рос.Эл.Школа', 'https://resh.edu.ru/subject/lesson/1892/start/', '2020-04-30 09:54:55', '2020-04-26 07:05:14'),
(61, '2020-04-30 00:00:00', 3, 'физика', 'пар 54-57 чит опред уч', NULL, NULL, '2020-04-30 13:12:13', '2020-04-29 19:53:42'),
(62, '2020-04-30 00:00:00', 4, 'родн.лит.', 'Прочитать рассказ "Телеграмма" , ответить на вопрос: Отношение Насти к матери.', NULL, 'https://www.litmir.me/br/?b=5779&p=1', '2020-04-30 12:00:04', '2020-04-26 07:06:50'),
(63, '2020-04-30 00:00:00', 5, 'история России', 'пар.32 вопросы 2, 4', NULL, NULL, '2020-04-30 09:56:59', '2020-04-26 07:07:16'),
(64, '2020-04-30 00:00:00', 6, 'химия', 'п.22', NULL, NULL, '2020-04-30 09:56:52', '2020-04-29 19:54:03'),
(65, '2020-05-02 00:00:00', 1, 'география', 'Параграф №52. прочитать, устно ответить на вопросы после параграфа.', NULL, NULL, '2020-05-05 14:22:45', '2020-05-05 11:22:42'),
(66, '2020-05-02 00:00:00', 2, 'ОБЖ', 'Заполнить таблицу (1.Возбудитель, 2) Механизм передачи и пути передачи, 3) Симптомы, 4) Профилактика 5) Вывод: сифилис, гонорея, хламидиоз, трихомоноз. https://nsportal.ru/shkola/osnovy-bezopasnosti-zhiznedeyatelnosti/library/2017/04/14/razrabotka-uroka-v-9-klasse-na-tem Прислать не позднее 16.05.2020 на мою эл почту: grishakova.2021@bk.ru', 'Рос.Эл.Школа', 'https://resh.edu.ru/subject/lesson/5833/start/148589/', '2020-05-02 08:54:05', '2020-04-26 07:09:45'),
(67, '2020-05-02 00:00:00', 3, 'биология', 'Изучить материал п. 49. Продолжить подготовку к проекту "Взаимосвязи организмов и окружающей среды"', NULL, NULL, '2020-05-05 14:22:56', '2020-04-26 07:12:11'),
(68, '2020-05-02 00:00:00', 4, 'литература', 'Прокомментируйте запись в журнале Печорина от 12 июня. Искренен ли он с Мери?', NULL, NULL, NULL, '2020-04-29 19:54:31'),
(71, '2020-04-27 10:20:00', 0, 'англ. яз.', 'Ольга Пыхова приглашает вас на запланированную конференцию: Zoom. Тема: 9 б,д английский язык 27 апр 2020 10:20 одключиться к конференции Zoom. Идентификатор конференции: 768 8962 4370 Пароль: 060577', 'Zoom', 'https://us04web.zoom.us/j/76889624370?pwd=NFd2V3o4cmUwSzZqRmdJMlhmTk1xdz09', '2020-04-27 11:29:06', '2020-04-26 15:55:28'),
(72, '2020-04-28 09:40:00', 0, 'биология', 'Консультация №4 9АБВ Описание:﻿Ирина Концевая приглашает вас на запланированную конференцию: Zoom. Подключиться к конференции Zoom Идентификатор конференции: 780 3576 4267', 'Zoom', 'https://us04web.zoom.us/j/78035764267?pwd=dnB0R25JMjFqUTRZaGJRbzRXTlVWdz09', '2020-04-27 20:53:42', '2020-04-27 06:36:49'),
(73, '2020-04-28 11:15:00', 0, ' ', 'Классный час. Дети заходят в конференцию, Будет важная для них информация. Все в чате пишут сообщение или вопросы. Я должна быть уверена, что все услышали. Изображение и звук могут включать. Дети задают  все вопросы на классном часе.', NULL, NULL, '2020-04-28 12:43:06', '2020-04-28 04:57:33'),
(76, '2020-05-04 00:00:00', 3, 'англ.яз.', 'выходим на сайт ОГЭ, монолог или письмо по любому варианту', NULL, NULL, '2020-05-05 14:23:12', '2020-04-30 14:51:54'),
(77, '2020-05-04 00:00:00', 4, 'химия', ' п.22 и записи', NULL, NULL, '2020-05-05 14:23:24', '2020-04-30 14:52:19'),
(78, '2020-05-04 00:00:00', 5, 'русский яз.', ' у.337', NULL, NULL, '2020-05-05 14:23:29', '2020-04-30 14:52:39'),
(79, '2020-05-06 00:00:00', 1, 'англ.яз.', '', NULL, NULL, NULL, '2020-04-30 14:53:04'),
(80, '2020-05-06 00:00:00', 2, 'литература', '', NULL, NULL, NULL, '2020-04-30 15:31:53'),
(81, '2020-05-06 00:00:00', 3, 'литература', '', NULL, NULL, NULL, '2020-04-30 15:32:02'),
(82, '2020-05-06 00:00:00', 4, 'алгебра', '', NULL, NULL, NULL, '2020-04-30 15:32:16'),
(83, '2020-05-06 00:00:00', 5, 'геометрия', '', NULL, NULL, NULL, '2020-04-30 15:32:41'),
(84, '2020-05-06 00:00:00', 6, 'физика', 'пар 58-62 чит опред уч лабораторная работа 8 в учебнике', NULL, NULL, NULL, '2020-04-30 15:32:56'),
(85, '2020-05-07 00:00:00', 1, 'обществозн.', 'презентация на гугл диске', 'Google-диск', 'https://drive.google.com/drive/folders/1CiBCeMD_lQpTEa8ooQwnfABtoemP_RIh', NULL, '2020-05-05 09:28:46'),
(86, '2020-05-07 00:00:00', 2, 'география', '', NULL, NULL, NULL, '2020-04-30 15:33:42'),
(87, '2020-05-07 00:00:00', 3, 'физика', 'повторить материал по теме', NULL, NULL, NULL, '2020-04-30 15:34:00'),
(88, '2020-05-07 00:00:00', 4, 'родн.лит.', 'Что нужно человеку для счастья?', NULL, NULL, NULL, '2020-04-30 15:34:14'),
(89, '2020-05-07 00:00:00', 5, 'история России', '', NULL, NULL, NULL, '2020-04-30 15:34:25'),
(90, '2020-05-07 00:00:00', 6, 'химия', '', NULL, NULL, NULL, '2020-04-30 15:34:32'),
(91, '2020-05-08 00:00:00', 1, 'биология', 'Приказ №190 от 27.04.2020', NULL, NULL, NULL, '2020-04-30 15:34:52'),
(92, '2020-05-08 00:00:00', 2, 'физика', 'повторить материал по теме', NULL, NULL, NULL, '2020-04-30 15:35:12'),
(93, '2020-05-08 00:00:00', 3, 'экономика', 'стр.160-163 № 2 стр.164-самопроверка, № 2,3 стр.100-101 прислать на проверку на почту val66548@yandex.ru Срок выполнения 12 мая.', 'Дневник.ру', 'https://schools.dnevnik.ru/children/homework.aspx?child=1000001703903&work=1667922852553711921', NULL, '2020-04-30 15:35:34'),
(94, '2020-05-08 00:00:00', 4, 'всеобщ.история', ' повторить раздел 5, пройдите тесты на дневник тест', NULL, NULL, NULL, '2020-04-30 15:36:27'),
(95, '2020-05-08 00:00:00', 5, 'физ-ра', '<li>Задание в папке класса на Google Диск Прочитать текст на с.68-69 А.П. Матвеев.</li> <li>Задание в папке класса на Google Диск</li>', NULL, 'https://schools.dnevnik.ru/children/homework.aspx?child=1000001703903&work=1666431390800434245', NULL, '2020-04-30 15:36:55'),
(96, '2020-05-11 00:00:00', 1, 'алгебра', '', NULL, NULL, NULL, '2020-05-02 05:57:45'),
(97, '2020-05-11 00:00:00', 2, 'геометрия', '', NULL, NULL, NULL, '2020-05-02 05:57:53'),
(98, '2020-05-11 00:00:00', 3, 'англ.яз.', ' повторить лексику по теме, домашнюю работу присылать не надо', NULL, NULL, NULL, '2020-05-02 05:58:06'),
(99, '2020-05-11 00:00:00', 4, 'химия', '', NULL, NULL, NULL, '2020-05-02 05:58:13'),
(100, '2020-05-11 00:00:00', 5, 'русский яз.', '', NULL, NULL, NULL, '2020-05-02 05:58:22'),
(101, '2020-05-12 00:00:00', 1, 'англ.яз.', '', NULL, NULL, NULL, '2020-05-02 05:58:42'),
(102, '2020-05-12 00:00:00', 2, 'русский яз.', '', NULL, NULL, NULL, '2020-05-02 05:59:07'),
(103, '2020-05-12 00:00:00', 3, 'алгебра', '', NULL, NULL, NULL, '2020-05-02 05:59:13'),
(104, '2020-05-12 00:00:00', 4, 'испанский', '', NULL, NULL, NULL, '2020-05-02 05:59:21'),
(105, '2020-05-12 00:00:00', 6, 'информатика', 'Задание по ссылке https://forms.gle/RJeZ82Cso4NrrQ1D8', NULL, 'https://forms.gle/RJeZ82Cso4NrrQ1D8', NULL, '2020-05-02 05:59:46'),
(106, '2020-05-13 00:00:00', 1, 'англ.яз.', '', NULL, NULL, NULL, '2020-05-02 06:00:08'),
(107, '2020-05-13 00:00:00', 2, 'литература', '', NULL, NULL, NULL, '2020-05-02 06:00:14'),
(108, '2020-05-13 00:00:00', 3, 'литература', '', NULL, NULL, NULL, '2020-05-02 06:00:23'),
(109, '2020-05-13 00:00:00', 4, 'алгебра', '', NULL, NULL, NULL, '2020-05-02 06:00:32'),
(110, '2020-05-13 00:00:00', 5, 'геометрия', '', NULL, NULL, NULL, '2020-05-02 06:00:41'),
(111, '2020-05-13 00:00:00', 6, 'физика', ' повторить материал по теме', NULL, NULL, NULL, '2020-05-02 06:00:53'),
(112, '2020-05-14 00:00:00', 1, 'обществозн.', '', NULL, NULL, NULL, '2020-05-02 06:01:10'),
(113, '2020-05-14 00:00:00', 2, 'география', '', NULL, NULL, NULL, '2020-05-02 06:01:18'),
(114, '2020-05-14 00:00:00', 3, 'физика', 'лабораторная работа 9 в учебнике', NULL, NULL, NULL, '2020-05-02 06:01:31'),
(115, '2020-05-14 00:00:00', 4, 'родн.лит.', '', NULL, NULL, NULL, '2020-05-02 06:01:41'),
(116, '2020-05-14 00:00:00', 5, 'история России', '', NULL, NULL, NULL, '2020-05-02 06:01:52'),
(117, '2020-05-14 00:00:00', 6, 'химия', '', NULL, NULL, NULL, '2020-05-02 06:01:57'),
(118, '2020-05-15 00:00:00', 1, ' ', '', NULL, NULL, NULL, '2020-05-02 06:02:08'),
(119, '2020-05-15 00:00:00', 2, 'физика', ' решить кр в прикрепленном файле', NULL, 'https://schools.dnevnik.ru/children/homework.aspx?child=1000001703903&work=1670977703877550127', NULL, '2020-05-02 06:02:23'),
(120, '2020-05-15 00:00:00', 3, 'экономика', '', NULL, NULL, NULL, '2020-05-02 06:03:10'),
(121, '2020-05-15 00:00:00', 4, 'всеобщ.история', '', NULL, NULL, NULL, '2020-05-02 06:03:15'),
(122, '2020-05-15 00:00:00', 5, 'физ-ра', '', NULL, NULL, NULL, '2020-05-02 06:03:22'),
(123, '2020-05-16 00:00:00', 1, 'география', '', NULL, NULL, NULL, '2020-05-05 09:31:48'),
(124, '2020-05-16 00:00:00', 2, 'ОБЖ', '', NULL, NULL, NULL, '2020-05-05 09:31:58'),
(125, '2020-05-16 00:00:00', 3, 'биология', '', NULL, NULL, NULL, '2020-05-05 09:32:16'),
(126, '2020-05-16 00:00:00', 4, 'литература', '', NULL, NULL, NULL, '2020-05-05 09:32:30'),
(127, '2020-05-16 00:00:00', 5, 'история России', '', NULL, NULL, NULL, '2020-05-05 09:32:40'),
(128, '2020-05-16 00:00:00', 6, 'геометрия', '', NULL, NULL, NULL, '2020-05-05 09:32:51');

-- --------------------------------------------------------

--
-- Структура таблицы `mestos`
--

CREATE TABLE IF NOT EXISTS `mestos` (
  `nam` varchar(255) DEFAULT NULL COMMENT 'место размещения дом. задания',
  `pkid` int(11) PRIMARY KEY AUTO_INCREMENT NOT NULL COMMENT 'ключ'
) DEFAULT CHARSET=utf8 COMMENT='места размещения заданий';

--
-- Дамп данных таблицы `mestos`
--

INSERT INTO `mestos` (`nam`, `pkid`) VALUES
('', 0),
('Дневник.ру', 1),
('ЯКласс', 2),
('Google-диск', 3),
('Zoom', 4),
('Pruffme', 5),
('Рос.Эл.Школа', 7),
('ИнфоУрок', 8),
('РЕШУ ОГЭ', 9),
('Фоксфород', 10);

-- --------------------------------------------------------

--
-- Структура таблицы `predmets`
--

CREATE TABLE IF NOT EXISTS `predmets` (
  `nam` varchar(255) NOT NULL COMMENT 'название предмета',
  `pkid` int(11) PRIMARY KEY AUTO_INCREMENT NOT NULL COMMENT 'ключ'
) DEFAULT CHARSET=utf8 COMMENT='список предметов';

--
-- Дамп данных таблицы `predmets`
--

INSERT INTO `predmets` (`nam`, `pkid`) VALUES
(' ', 1),
('алгебра', 2),
('геометрия', 3),
('литература', 4),
('русский яз.', 5),
('химия', 6),
('физ-ра', 7),
('физика', 8),
('ОБЖ', 9),
('англ.яз.', 10),
('экономика', 11),
('биология', 12),
('информатика', 14),
('испанский', 15),
('обществозн.', 16),
('география', 17),
('родн.лит.', 18),
('история России', 19),
('всеобщ.история', 20);

-- --------------------------------------------------------

--
-- Структура таблицы `uroks`
--

CREATE TABLE IF NOT EXISTS `uroks` (
  `n` int(11) DEFAULT NULL COMMENT 'номер урока',
  `tim` varchar(5) DEFAULT NULL COMMENT 'время начала урока'
) DEFAULT CHARSET=utf8 COMMENT='уроки';

--
-- Дамп данных таблицы `uroks`
--

INSERT INTO `uroks` (`n`, `tim`) VALUES
(1, '09:40'),
(2, '10:00'),
(3, '10:20'),
(4, '10:40'),
(5, '11:00'),
(6, '11:20');

